Word,Files Appearing In
absolucioun,"ChatGPT Religiosity-Related Words, Claude AI Religiosity-Related Words"
anger,Grok Emotion-Related Words
auter,"ChatGPT Religiosity-Related Words, Claude AI Religiosity-Related Words, Grok Religiosity-Related Words"
blessyng,Grok Religiosity-Related Words
blis,ChatGPT Emotion-Related Words
blys,ChatGPT Emotion-Related Words
blysful,ChatGPT Emotion-Related Words
blysse,ChatGPT Emotion-Related Words
blyþe,"ChatGPT Emotion-Related Words, Grok Emotion-Related Words"
blyþely,"ChatGPT Emotion-Related Words, Grok Emotion-Related Words"
care,"ChatGPT Emotion-Related Words, Claude AI Emotion-Related Words, Grok Emotion-Related Words"
chapayle,ChatGPT Religiosity-Related Words
chapel,"ChatGPT Religiosity-Related Words, Grok Religiosity-Related Words"
chapeles,ChatGPT Religiosity-Related Words
chapelle,ChatGPT Religiosity-Related Words
chaplayn,ChatGPT Religiosity-Related Words
chaplaynez,ChatGPT Religiosity-Related Words
clergye,ChatGPT Religiosity-Related Words
clerkez,ChatGPT Religiosity-Related Words
comfort,"ChatGPT Emotion-Related Words, Claude AI Emotion-Related Words"
confessed,ChatGPT Religiosity-Related Words
corsed,Grok Religiosity-Related Words
couetyse,ChatGPT Emotion-Related Words
cowardise,ChatGPT Emotion-Related Words
cristmasse,ChatGPT Religiosity-Related Words
demay,Grok Emotion-Related Words
deuelez,Grok Religiosity-Related Words
dole,ChatGPT Emotion-Related Words
doute,"Claude AI Emotion-Related Words, Grok Emotion-Related Words"
drede,"ChatGPT Emotion-Related Words, Claude AI Emotion-Related Words, Grok Emotion-Related Words"
fayth,"ChatGPT Religiosity-Related Words, Claude AI Religiosity-Related Words, Grok Religiosity-Related Words"
faythe,ChatGPT Religiosity-Related Words
faythely,ChatGPT Religiosity-Related Words
faythful,ChatGPT Religiosity-Related Words
fende,Grok Religiosity-Related Words
ferde,"Claude AI Emotion-Related Words, Grok Emotion-Related Words"
glad,Grok Emotion-Related Words
gle,"ChatGPT Emotion-Related Words, Claude AI Emotion-Related Words"
god,"ChatGPT Religiosity-Related Words, Grok Religiosity-Related Words"
godde,ChatGPT Religiosity-Related Words
goddes,ChatGPT Religiosity-Related Words
goddez,ChatGPT Religiosity-Related Words
gode,ChatGPT Religiosity-Related Words
godemon,ChatGPT Religiosity-Related Words
godez,ChatGPT Religiosity-Related Words
godly,ChatGPT Religiosity-Related Words
godlych,ChatGPT Religiosity-Related Words
godmon,ChatGPT Religiosity-Related Words
grace,"Claude AI Religiosity-Related Words, Grok Religiosity-Related Words"
grame,Grok Emotion-Related Words
gref,"ChatGPT Emotion-Related Words, Grok Emotion-Related Words"
greme,"ChatGPT Emotion-Related Words, Claude AI Emotion-Related Words, Grok Emotion-Related Words"
grone,"Claude AI Emotion-Related Words, Grok Emotion-Related Words"
gruchyng,Grok Emotion-Related Words
gryndel,Grok Emotion-Related Words
halydam,"Claude AI Religiosity-Related Words, Grok Religiosity-Related Words"
heuen,"ChatGPT Religiosity-Related Words, Claude AI Religiosity-Related Words, Grok Religiosity-Related Words"
heuened,ChatGPT Religiosity-Related Words
heuenryche,ChatGPT Religiosity-Related Words
hope,ChatGPT Emotion-Related Words
hopes,ChatGPT Emotion-Related Words
ioylez,Grok Emotion-Related Words
jesus,ChatGPT Religiosity-Related Words
joye,"ChatGPT Emotion-Related Words, Claude AI Emotion-Related Words, Grok Emotion-Related Words"
joyfnes,ChatGPT Emotion-Related Words
kyrk,"Claude AI Religiosity-Related Words, Grok Religiosity-Related Words"
laȝe,Grok Emotion-Related Words
lewté,Grok Emotion-Related Words
luf,"ChatGPT Emotion-Related Words, Grok Emotion-Related Words"
lufly,ChatGPT Emotion-Related Words
luflych,ChatGPT Emotion-Related Words
luflyly,ChatGPT Emotion-Related Words
lufsum,ChatGPT Emotion-Related Words
mary,"ChatGPT Religiosity-Related Words, Claude AI Religiosity-Related Words, Grok Religiosity-Related Words"
masse,"ChatGPT Religiosity-Related Words, Claude AI Religiosity-Related Words, Grok Religiosity-Related Words"
masseprest,ChatGPT Religiosity-Related Words
matynez,"ChatGPT Religiosity-Related Words, Claude AI Religiosity-Related Words"
matynnes,"ChatGPT Religiosity-Related Words, Grok Religiosity-Related Words"
merci,"ChatGPT Religiosity-Related Words, Grok Religiosity-Related Words"
mercy,ChatGPT Religiosity-Related Words
mery,Grok Emotion-Related Words
merþe,ChatGPT Emotion-Related Words
merþes,ChatGPT Emotion-Related Words
messe,ChatGPT Religiosity-Related Words
messequyle,ChatGPT Religiosity-Related Words
messes,ChatGPT Religiosity-Related Words
mirthe,ChatGPT Emotion-Related Words
mournyng,Grok Emotion-Related Words
myriest,ChatGPT Emotion-Related Words
myry,ChatGPT Emotion-Related Words
myrþe,"ChatGPT Emotion-Related Words, Grok Emotion-Related Words"
pater,"ChatGPT Religiosity-Related Words, Claude AI Religiosity-Related Words"
pité,"ChatGPT Emotion-Related Words, Grok Emotion-Related Words"
plesaunce,ChatGPT Emotion-Related Words
prest,Grok Religiosity-Related Words
pryde,ChatGPT Emotion-Related Words
rad,Grok Emotion-Related Words
rekenly,Grok Emotion-Related Words
sawle,Grok Religiosity-Related Words
schame,Grok Emotion-Related Words
solace,"ChatGPT Emotion-Related Words, Claude AI Emotion-Related Words"
sorȝe,ChatGPT Emotion-Related Words
sykyng,Grok Emotion-Related Words
synne,"ChatGPT Religiosity-Related Words, Grok Religiosity-Related Words"
tened,Grok Emotion-Related Words
vnleuté,Grok Emotion-Related Words
wroth,"ChatGPT Emotion-Related Words, Grok Emotion-Related Words"
