Word,Count
þe,1210
and,926
þat,634
to,460
of,410
he,387
in,319
his,305
i,289
a,271
hym,260
for,226
on,221
hit,216
as,188
watz,180
with,178
ful,150
at,134
þay,132
þis,129
wyth,126
bi,115
bot,115
so,115
is,114
me,108
ȝe,104
þer,100
oþer,95
yow,92
were,90
vpon,86
al,82
alle,79
no,77
þou,73
my,70
knyȝt,67
quoþ,67
þenne,66
mon,64
be,63
schal,60
now,60
here,60
haf,56
mony,55
hade,54
hir,53
gawayn,52
ne,51
lorde,51
your,51
wel,49
not,48
grene,47
þen,46
neuer,44
hem,44
myȝt,43
ho,41
god,40
sir,40
her,38
wyȝe,37
more,37
syþen,34
may,34
boþe,34
sayde,33
aboute,33
wolde,32
hatz,32
hyȝe,31
schulde,31
by,31
when,30
burne,30
if,30
fro,30
ar,29
vp,28
fyrst,27
þy,27
þurȝ,27
much,27
best,26
out,26
bryȝt,26
þere,26
vche,26
hede,25
after,25
fayre,24
day,24
gawan,24
leue,24
kyng,23
golde,23
freke,23
an,23
such,23
any,23
con,23
tyme,22
segge,22
vnder,22
quen,22
telle,22
ouer,22
com,22
honde,22
þaȝ,22
let,21
euer,21
er,21
gome,21
dere,21
had,21
ofte,20
am,20
til,20
gode,20
lady,20
haue,19
ryche,19
we,19
chapel,19
hor,19
wylle,19
men,19
non,18
haþel,18
þoȝt,18
hert,17
ȝet,17
wyl,17
iwysse,17
luf,16
soþe,16
lyȝt,16
stif,16
bifore,16
ryȝt,16
gay,15
ay,15
sum,15
better,15
syde,15
mete,15
clene,15
ȝif,15
halle,15
hys,14
ben,14
quat,14
doun,14
leude,14
þus,14
one,14
wylde,14
worlde,14
forth,14
sone,14
hende,14
bare,14
how,13
herde,13
prys,13
gret,13
longe,13
lykez,13
noȝt,13
wele,13
lede,13
hed,12
ȝelde,12
þerfore,12
felle,12
semed,12
bede,12
burde,12
fyue,12
sette,12
fayth,12
erþe,12
kest,12
nwe,12
heȝe,12
serued,12
into,12
wynne,12
what,12
knyȝtez,11
bolde,11
þi,11
hom,11
face,11
hous,11
noble,11
colde,11
kryst,11
brode,11
fele,11
goud,11
loke,11
made,11
bedde,11
ilk,11
broȝt,11
ende,11
last,11
londe,11
luflych,11
table,11
aȝayn,11
hymself,10
trawþe,10
grete,10
place,10
lyf,10
trwe,10
burnez,10
þo,10
wot,10
folde,10
scharp,10
ande,10
helme,10
wyse,10
court,10
wonder,10
gomen,9
myn,9
laȝt,9
awen,9
hider,9
yowre,9
haldez,9
ax,9
hent,9
wende,9
armes,9
euen,9
fre,9
whyle,9
þerto,9
halde,9
hole,9
speche,9
oft,9
two,9
wordez,9
ȝere,9
quyle,9
se,9
innoghe,9
glent,9
gif,9
home,9
wod,9
vus,9
same,9
þyn,9
togeder,9
way,9
þise,9
make,9
oure,9
stod,9
forþy,8
ferde,8
mot,8
fest,8
set,8
blod,8
sere,8
prynce,8
riche,8
sunne,8
halden,8
half,8
grounde,8
say,8
lace,8
lyȝtly,8
halue,8
dele,8
fare,8
fynde,8
red,8
most,8
tan,8
houndez,8
chaunce,8
als,8
do,8
hors,8
bere,8
lest,8
couþe,8
heuen,8
nw,8
among,8
take,8
clere,8
welde,8
tale,8
went,8
chambre,8
schelde,8
summe,8
nay,8
semly,8
knot,8
bonk,7
fast,7
hymseluen,7
adoun,7
nolde,7
nyȝt,7
sesed,7
wyt,7
breme,7
lyue,7
where,7
renk,7
siker,7
gryngolet,7
steuen,7
vch,7
wynter,7
swyþe,7
armez,7
comly,7
fonde,7
noyse,7
him,7
swete,7
byfore,7
nome,7
lasse,7
pure,7
bysyde,7
littel,7
sadel,7
schyre,7
grayþely,7
honour,7
water,7
holde,7
þro,7
ladyez,7
bryng,7
radly,7
morne,7
loude,7
laȝed,7
myry,7
withinne,7
bed,7
suche,7
han,7
alofte,7
knowe,7
þerinne,7
sale,7
gef,7
token,7
borne,7
swyn,7
naked,7
abof,7
ayþer,7
bent,7
schewed,7
blyþe,7
frekez,6
blonk,6
teche,6
fole,6
lyked,6
lufly,6
blame,6
þenn,6
won,6
ilke,6
ernde,6
dryȝe,6
fere,6
sturne,6
hyȝt,6
wonnen,6
ryse,6
falle,6
goddez,6
þerof,6
seruaunt,6
renoun,6
flet,6
dryuen,6
lyttel,6
lach,6
kepe,6
wyf,6
bounden,6
henged,6
þik,6
heterly,6
morn,6
þerafter,6
innoȝe,6
brest,6
fote,6
wlonk,6
lotez,6
cortays,6
schalk,6
siþen,6
derely,6
masse,6
mary,6
grace,6
sitte,6
kynde,6
maden,6
wonez,6
tyde,6
rounde,6
bitwene,6
grayþed,6
folk,6
gate,6
dece,6
launde,6
wythinne,6
costes,6
ayquere,6
kysses,6
eft,6
cler,6
wroȝt,6
worþy,6
ladies,6
seȝ,6
askez,6
thenne,6
care,6
mote,6
chere,6
meyny,6
semez,5
drede,5
comlyly,5
ioye,5
pured,5
dynt,5
dryȝtyn,5
boȝed,5
laȝande,5
greue,5
mynne,5
rych,5
nauþer,5
keuer,5
lyfte,5
bende,5
sayd,5
poyntez,5
bonkkez,5
loked,5
daynté,5
glad,5
samen,5
hundreth,5
sete,5
calde,5
bene,5
note,5
harde,5
þonk,5
boȝez,5
hoge,5
go,5
syn,5
cote,5
mo,5
braydez,5
ledez,5
erde,5
forþi,5
trowe,5
selly,5
þre,5
stille,5
frayned,5
chaunge,5
tene,5
dor,5
ese,5
wroth,5
stylle,5
comlych,5
olde,5
quyl,5
sene,5
grant,5
þonkkez,5
seten,5
slepe,5
boun,5
diȝt,5
frayst,5
ferly,5
mery,5
þeroute,5
leuez,5
soȝt,5
wer,5
art,5
ladyes,5
godmon,5
welcum,5
gered,5
gayn,5
dede,5
called,5
spere,5
wale,5
aþel,5
huge,5
sayn,5
lif,5
strok,5
solace,5
ȝer,5
lyst,5
pray,5
sesoun,5
proude,5
fonge,5
stel,5
countenaunce,5
weppen,5
bronde,5
ryde,5
merþe,5
burȝ,5
halched,5
lote,5
nek,5
bur,5
fallez,5
lawe,5
ȝede,5
scho,5
mayn,5
lemed,5
geten,4
syȝt,4
lay,4
was,4
bydez,4
dyn,4
layne,4
kyngez,4
folden,4
luflyly,4
chefly,4
reuel,4
karp,4
stonez,4
croun,4
gentyle,4
busk,4
wyȝ,4
rode,4
bor,4
brydel,4
krystmasse,4
fayn,4
roȝe,4
stoken,4
lenge,4
worch,4
are,4
bilyue,4
hunt,4
hasped,4
craue,4
helez,4
chosen,4
godly,4
wedez,4
gedered,4
bode,4
depe,4
drof,4
spede,4
tulk,4
help,4
seche,4
wone,4
ston,4
bytwene,4
quyte,4
laste,4
lyft,4
fox,4
wayned,4
carp,4
cortaysye,4
war,4
stonde,4
forȝelde,4
kysse,4
cort,4
wede,4
haþelez,4
waye,4
drynk,4
stoutly,4
fallen,4
lepez,4
blys,4
wyst,4
comen,4
baret,4
lere,4
withoute,4
ellez,4
seggez,4
worde,4
wordes,4
greme,4
blysse,4
warp,4
syþez,4
berde,4
rede,4
settez,4
loȝe,4
heȝly,4
lenþe,4
þeder,4
lordez,4
withouten,4
nawþer,4
hode,4
raȝt,4
praysed,4
snawe,4
start,4
trawe,4
blaunner,4
beten,4
molde,4
fyne,4
mynde,4
ros,4
body,4
ȝep,4
schulderes,4
or,4
then,4
broun,4
daye,4
wonde,4
grece,4
hornez,4
comfort,4
wakned,4
soth,4
hendely,4
softe,4
lelly,4
hiȝe,4
chose,4
calle,4
efte,4
pryde,4
sadly,4
yȝen,4
semblaunt,4
strydez,4
hope,4
ȝederly,4
þynkkez,4
þyse,4
þare,4
ȝonge,4
belt,4
þerat,4
dressed,4
play,4
launce,4
rayled,4
wawen,4
worth,4
erly,4
wyn,4
derf,4
meruayle,4
comlokest,4
haden,4
ber,4
meue,4
seluen,4
flesche,4
hurt,4
trwly,4
saue,4
lent,4
ones,4
schewe,4
onez,4
verayly,4
dronken,4
sake,4
vchone,4
closed,4
worchip,3
softly,3
lerned,3
herber,3
lowe,3
twelmonyth,3
forwarde,3
yourez,3
comez,3
innogh,3
myrþe,3
giserne,3
inne,3
acorded,3
joye,3
hyȝ,3
lef,3
hyȝly,3
quelle,3
sorȝe,3
gomnez,3
ȝerne,3
prowes,3
self,3
sayned,3
arþurez,3
honoured,3
spekez,3
fayr,3
wene,3
gest,3
ryngez,3
schunt,3
done,3
haled,3
gere,3
melez,3
lofte,3
cace,3
borelych,3
sele,3
wyles,3
tyȝt,3
lyre,3
passe,3
long,3
couenauntez,3
to-morne,3
schuld,3
de,3
alder,3
auncian,3
faste,3
mone,3
þys,3
bryddez,3
castel,3
stifly,3
dar,3
aȝte,3
vmbe,3
slepes,3
maked,3
lerne,3
bench,3
woldez,3
bityde,3
porter,3
wyndez,3
chef,3
ask,3
whyl,3
ȝatez,3
hast,3
wynnez,3
heȝ,3
breued,3
byde,3
þenk,3
sylk,3
eþe,3
fyrre,3
twynne,3
chemné,3
layk,3
gotz,3
tolke,3
fete,3
lette,3
lyte,3
seȝe,3
mantyle,3
kneled,3
furred,3
game,3
fel,3
leudez,3
cher,3
renkkez,3
stoden,3
redyly,3
kaȝt,3
dalt,3
wylt,3
schrank,3
merci,3
sted,3
ware,3
stroke,3
euermore,3
forwardez,3
wil,3
gauan,3
worþez,3
soberly,3
grymme,3
riȝt,3
schyndered,3
dyȝt,3
bruny,3
who,3
lenger,3
couenaunt,3
syre,3
resoun,3
ledes,3
schene,3
rewarde,3
fayled,3
norne,3
wyttez,3
did,3
ȝeres,3
rehayted,3
knowen,3
poynt,3
godez,3
know,3
gawen,3
nys,3
swere,3
kene,3
wynde,3
pentangel,3
meruayl,3
þeraboute,3
gordel,3
schot,3
sothe,3
forsake,3
double,3
bihynde,3
pyne,3
worþed,3
haþeles,3
habbez,3
steppez,3
þow,3
lur,3
foo,3
foule,3
ȝerez,3
þuȝt,3
bred,3
syngne,3
brayde,3
mercy,3
vgly,3
weldez,3
beseche,3
lo,3
loutez,3
wrathed,3
slayn,3
fyre,3
meled,3
hals,3
bauderyk,3
profered,3
spenne,3
menskful,3
greued,3
cowþe,3
fryth,3
enbrauded,3
werkez,3
stones,3
silk,3
cortyn,3
layde,3
lokkez,3
meré,3
forme,3
lenged,3
ride,3
swyre,3
hyghe,3
space,3
cach,3
lude,3
neȝed,3
good,3
couetyse,3
dayntés,3
hef,3
derk,3
cragge,3
wyȝez,3
stede,3
gladly,3
haylsed,3
woþe,3
dut,3
huntes,3
brayden,3
halme,3
mute,3
dale,3
harme,3
hewen,3
stele,3
spelle,3
expoun,3
greuez,3
muryly,3
hay,3
rydes,3
rungen,3
lyke,3
horne,3
come,3
worþe,3
reled,3
runnen,3
hille,3
nye,3
þynk,3
wymmen,3
kyd,3
gle,3
caroles,3
boute,3
rekenly,3
nedez,3
loken,3
stronge,3
stad,3
kynges,3
wont,3
brutus,3
lance,3
dos,3
fer,3
blyþely,3
hat,3
douthe,3
reche,3
la,3
mette,3
bisyde,3
wytte,3
wowen,3
meny,3
tas,3
bisoȝt,3
þyng,3
auenturus,3
acorde,3
maner,3
also,3
lye,3
auþer,3
ete,3
arthure,3
moȝt,3
myseluen,3
tars,3
dubbed,3
garysoun,3
wan,3
speke,3
rurde,3
bayed,3
bugle,3
hitte,3
buskez,3
walt,3
demed,3
nerre,3
dore,3
gres,3
burnes,3
cast,3
daylyȝt,3
bylyue,3
deme,3
gray,2
luf-lace,2
talkyng,2
syȝe,2
lachez,2
holdely,2
lakked,2
kyst,2
lyste,2
bikende,2
gayly,2
schaft,2
mensk,2
hewes,2
skyrtez,2
schewez,2
ryched,2
enbrawded,2
loupe,2
auenture,2
tachched,2
eke,2
aloft,2
neȝ,2
meued,2
diner,2
rach,2
mere,2
queme,2
bremely,2
brayn,2
leuer,2
folȝed,2
geuen,2
nurture,2
louied,2
sumquat,2
reuerence,2
gurde,2
bront,2
harnays,2
tryed,2
smal,2
nowþe,2
techez,2
salamon,2
arthour,2
lyne,2
sende,2
acordez,2
neuened,2
faythful,2
voyded,2
vylany,2
schaped,2
goude,2
knit,2
founden,2
wonen,2
morgne,2
liȝt,2
girdel,2
cloþe,2
cheued,2
soré,2
crede,2
tellez,2
clad,2
hypped,2
tary,2
silke,2
wenten,2
worre,2
syþe,2
syttez,2
des,2
byforne,2
put,2
fech,2
þoled,2
þyk,2
whene,2
seuen,2
hiȝ,2
þrepe,2
penaunce,2
worþyly,2
speken,2
rad,2
lost,2
hwez,2
bisemed,2
bisemez,2
hond,2
schulden,2
closet,2
seȝen,2
ȝeply,2
schape,2
somer,2
vntrawþe,2
cors,2
sellyly,2
lyppez,2
bay,2
lanced,2
erbez,2
wela,2
dalten,2
lyk,2
laykez,2
hyȝes,2
blake,2
dome,2
soper,2
nede,2
suffer,2
þrote,2
welkyn,2
gete,2
balȝ,2
fawty,2
seuer,2
layked,2
ȝeldez,2
hemself,2
sothly,2
moroun,2
metes,2
þerwyth,2
quyk,2
sued,2
faut,2
crabbed,2
lappez,2
fylle,2
symple,2
browe,2
wyȝt,2
clengez,2
cloudez,2
heldande,2
schedez,2
ryses,2
warme,2
lode,2
lynde,2
rotez,2
bite,2
knowez,2
burdez,2
fayrer,2
duk,2
faylez,2
metez,2
schulder,2
þonkked,2
neȝe,2
callez,2
vchon,2
ladde,2
quere-so,2
compayny,2
jopardé,2
derue,2
segg,2
bigyled,2
vncouþe,2
dowellez,2
doute,2
semlych,2
foundez,2
fayrest,2
wysse,2
laȝter,2
stondes,2
slypped,2
stode,2
arn,2
þenkkez,2
cosses,2
lad,2
there,2
pay,2
lenges,2
breue,2
fende,2
sech,2
iapez,2
mournyng,2
payed,2
withalle,2
colour,2
pertly,2
chepez,2
sauerly,2
stiȝtlez,2
fyȝt,2
knyȝtes,2
fellez,2
dedez,2
pine,2
synne,2
brygge,2
aywhere,2
rod,2
raysed,2
rayked,2
þrowe,2
comaundement,2
glydez,2
fire,2
displese,2
seruyse,2
werre,2
bretayn,2
rygge,2
moder,2
kyssez,2
ȝeden,2
wyȝtest,2
prestly,2
braynwod,2
clatered,2
prayere,2
burn,2
talez,2
okez,2
craued,2
destiné,2
brenned,2
fersly,2
hewe,2
holden,2
blessed,2
dreȝ,2
holt,2
rennez,2
aunter,2
payne,2
turned,2
cheuisaunce,2
arthur,2
seker,2
cayrez,2
twenty,2
hwen,2
hiȝed,2
abelef,2
forest,2
hillez,2
cryed,2
herd,2
lyftes,2
tablez,2
helden,2
arayed,2
purely,2
gargulun,2
houed,2
dich,2
asay,2
walle,2
wonderly,2
brent,2
rabel,2
bryge,2
calles,2
rises,2
slot,2
telded,2
clowdes,2
troye,2
ferlyly,2
hyde,2
sleȝe,2
hornes,2
heldet,2
bremly,2
frely,2
þrat,2
rapes,2
chamberlayn,2
choses,2
menskly,2
away,2
kydde,2
keped,2
wo,2
pyned,2
byȝt,2
myle,2
schulderez,2
bigynez,2
schon,2
hendly,2
wode,2
cortaysly,2
hostel,2
sydes,2
mornyng,2
gilt,2
iles,2
wyrde,2
abide,2
debate,2
carande,2
heþen,2
þore,2
first,2
quat-so,2
sore,2
swared,2
worst,2
woned,2
leuest,2
soþly,2
cheue,2
chaffer,2
scaþe,2
blende,2
kesten,2
ȝonder,2
lowande,2
britned,2
glorious,2
nouþe,2
torches,2
knew,2
connez,2
yourself,2
woȝe,2
wyle,2
rynk,2
blusched,2
strakande,2
payred,2
cummen,2
hondeled,2
vsed,2
lodly,2
cloþez,2
giftez,2
passez,2
worchyp,2
happed,2
þese,2
drurye,2
hardy,2
rachchez,2
gloue,2
gifte,2
saynt,2
arȝed,2
gile,2
spechez,2
lyȝtez,2
fourme,2
sumwhyle,2
los,2
frendez,2
breke,2
rydez,2
stalworth,2
passed,2
lel,2
fyndez,2
lutte,2
glyȝt,2
felde,2
prynces,2
granted,2
knarrez,2
toun,2
kyssed,2
quile,2
sydez,2
nade,2
menske,2
sunder,2
ded,2
lee,2
plyȝt,2
mirþe,2
norþe,2
houndes,2
þayr,2
bisydez,2
ridez,2
logres,2
nyȝtez,2
founded,2
aunt,2
kniȝtes,2
neghe,2
tymez,2
rich,2
cortynes,2
farez,2
boure,2
serue,2
loȝly,2
met,2
dyntez,2
charred,2
straunge,2
fee,2
disches,2
thus,2
wrast,2
boȝe,2
barred,2
mydmorn,2
bordes,2
walkez,2
likez,2
þertylle,2
bonke,2
helde,2
heuez,2
halowed,2
caȝt,2
waytez,2
warly,2
wawan,2
longed,2
myne,2
defende,2
horse,2
rys,2
layd,2
stalked,2
arþur,2
chymné,2
knawen,2
ferk,2
lachchez,2
louelych,2
smyte,2
grattest,2
þink,2
counseyl,2
dernly,2
lachen,2
rusched,2
carolez,2
ille,2
melly,2
werned,2
tole,2
bit,2
stilly,2
hwe,2
ouergrowen,2
ladiez,2
vnhap,2
craftes,2
fylþe,2
folȝande,2
demen,2
dalyaunce,2
restore,2
bone,2
fetures,2
compaynye,2
the,2
bayþen,2
oueral,2
enker-grene,2
can,2
mouthe,2
ladi,2
quene,2
beholde,2
wyne,2
apert,2
tented,2
rechated,2
sen,2
stryke,2
durst,2
race,2
droȝ,2
þryuandely,2
vses,2
acheued,2
wedes,2
remnaunt,2
glam,2
derrest,2
holly,2
hedez,2
cachez,2
agayn,2
fle,2
bote,2
wysten,2
neked,2
tyxt,2
laft,2
kayre,2
werkkez,2
kenly,2
sute,2
brawden,2
comaunded,2
bigly,2
henges,2
buffet,2
þikke,2
rake,2
res,2
closes,2
stondez,2
kepes,2
capados,2
helder,2
carppez,2
þer-vnder,2
hatte,2
blode,2
hunterez,2
hattes,2
truly,2
tayl,2
hasted,2
excused,2
blwe,2
saf,2
plate,2
þryȝt,2
schore,2
wheþer,2
fowre,2
stoundez,2
louies,2
owen,2
lykes,2
maȝtyly,2
dayez,2
terme,2
spende,2
whil,2
spedez,2
leng,2
yourseluen,2
ta,2
layt,2
gederez,2
valay,2
to-day,2
wapped,2
þrawen,2
fyn,2
rent,2
hest,2
foldez,2
tened,2
ȝowre,2
yȝe,2
name,2
payttrure,2
lened,2
bihoues,2
bide,2
prayse,2
nedes,2
egge,2
munt,2
dame,2
hande,2
ches,2
seruise,2
knwe,2
becom,2
kyth,2
mele,2
flaȝe,2
fayþe,2
lapped,2
fyr,2
beuerage,2
loþe,2
louked,2
tayt,2
hame,2
gaynly,2
quest,2
kyssyng,2
arȝe,2
loued,2
chek,2
pyȝt,2
schame,2
swange,2
craft,2
rurd,2
inmyddez,2
commes,2
noyce,2
arþer,2
keuerez,2
oȝt,2
newe,2
braches,2
borde,2
slyȝt,2
hurtez,2
wyȝes,2
talk,2
laȝe,2
vale,2
wayued,2
saȝe,2
quo,2
lyȝe,2
gerez,2
busked,2
melle,2
costez,2
mayster,2
bayn,2
bale,2
iche,2
nyme,2
sewes,2
blande,2
fraystez,2
wypped,2
lende,2
flaȝ,2
askyng,2
elles,2
parauenture,2
bak,2
lece,2
grayþe,2
bodi,2
muthe,2
strike,2
charge,2
fondet,2
wowyng,2
þose,2
peple,2
yȝe-lyddez,2
dressez,2
acheue,2
bytyde,2
schere,2
behoues,2
schapen,2
scheldez,2
myriest,2
hunteres,2
rennes,2
sware,2
þerwith,2
metten,2
torne,2
worche,2
ȝolden,2
lewté,2
chace,2
doȝty,2
doted,2
messe,2
ȝol,2
metely,2
nere,2
sprenged,2
towrast,1
laucyng,1
fede,1
fourchez,1
vndertake,1
siȝed,1
þurled,1
rybbe,1
lystily,1
þede,1
druryes,1
alþer-grattest,1
bowelez,1
side,1
how-se-euer,1
ȝelle,1
gift,1
blonkkez,1
played,1
hoȝez,1
balé,1
sounder,1
forst,1
swyþely,1
brek,1
rocheres,1
sythen,1
leþer,1
waxen,1
woȝez,1
swenged,1
skylle,1
roungen,1
sellokest,1
cloþen,1
laȝez,1
paunchez,1
ȝong,1
vnhardeled,1
lyuer,1
welcumed,1
forwondered,1
clenged,1
rudede,1
aȝaynez,1
schalkez,1
rak,1
nurne,1
plese,1
songez,1
woled,1
ȝaule,1
stollen,1
alway,1
manerly,1
coundutes,1
gronyed,1
quikly,1
mode,1
towchez,1
bate,1
charre,1
maymez,1
haunche,1
neme,1
arewez,1
mouþe,1
wrang,1
avanters,1
deuayed,1
voydez,1
lis,1
inn,1
kende,1
noumbles,1
loft,1
þyȝes,1
ma,1
euenden,1
fraysted,1
niȝt,1
dered,1
graunted,1
rybbez,1
strokez,1
clayme,1
when-so,1
bicumes,1
schowen,1
bonez,1
"best""",1
twys,1
bliþe,1
cortaysy,1
remwe,1
rymez,1
bost,1
buskkez,1
"""þrid",1
ȝepe,1
ryuez,1
spyt,1
kennes,1
þrast,1
totes,1
letted,1
guttez,1
vilanous,1
corbeles,1
wynt-hole,1
devaye,1
wesaunt,1
departed,1
resteyed,1
alder-truest,1
past,1
taȝtte,1
ȝisterday,1
þrete,1
gryped,1
vnþryuande,1
forȝeten,1
scher,1
charres,1
bakbon,1
wyghe,1
craftez,1
morsel,1
vnbynde,1
miry,1
sped,1
sparred,1
mounture,1
swyft,1
ȝomerly,1
strenkþe,1
fay,1
pryme,1
chyne,1
rasez,1
baye,1
askes,1
knyuez,1
constrayne,1
what-so,1
schapes,1
baþed,1
herken,1
lyȝtes,1
vncoupled,1
syȝ,1
ronez,1
kachande,1
hasppez,1
bothe,1
tusches,1
awyse,1
playnez,1
on-ferum,1
dille,1
cheuicaunce,1
hunte,1
tydez,1
wowche,1
fynly,1
irked,1
schote,1
tuschez,1
sengel,1
whyte,1
delyuered,1
whettez,1
wykez,1
feler,1
yorseluen,1
forward,1
þornez,1
ȝourez,1
corsour,1
worthyly,1
halowing,1
payez,1
ȝern,1
wolde--,1
blawyng,1
mynged,1
ker,1
wayth,1
ran,1
endite,1
rachez,1
dethe,1
doggez,1
tyt,1
blowez,1
tokenez,1
trweluf,1
ȝedoun,1
ȝarrande,1
hult,1
merkkez,1
hepez,1
why,1
pyth,1
fnast,1
lewed,1
hetterly,1
hidere,1
pouer,1
oghe,1
launced,1
suande,1
weȝed,1
coke,1
bakkez,1
brachez,1
temez,1
swyngez,1
bourdyng,1
vncely,1
folé,1
swez,1
lys,1
felefolde,1
wat,1
vnfayre,1
bytydez,1
londez,1
barbez,1
leȝten,1
bourde,1
cheuysaunce,1
ruþes,1
wylnyng,1
schafted,1
euel,1
bihalden,1
naȝt,1
nwez,1
tel,1
chamber,1
bawemen,1
breken,1
mouth,1
mowe,1
femed,1
froþe,1
lopen,1
scrape,1
anyskynnez,1
boerne,1
þryse,1
rokk,1
rasse,1
cakled,1
renne,1
mat,1
toruayle,1
crowen,1
as-swyþe,1
styffest,1
innowe,1
flonez,1
vtter,1
mwe,1
mawgref,1
myself,1
trwluf,1
towche,1
madee,1
ȝonke,1
brachetes,1
cortayse,1
drury,1
lyuez,1
brawne,1
proued,1
fyndyng,1
comended,1
fled,1
alse,1
liþernez,1
motez,1
ferden,1
auntered,1
endured,1
largesse,1
defended,1
semblé,1
vnrydely,1
rocher,1
rogh,1
kerre,1
bidez,1
lowde,1
clyffe,1
flosche,1
feez,1
poȝt,1
gawayne,1
forse,1
forþe,1
lele,1
vmbekesten,1
segh,1
knarre,1
þeramongez,1
knyȝtyly,1
trestes,1
oute--,1
baldely,1
hyȝez,1
ouerþwert,1
blw,1
teldet,1
cheualry,1
ate,1
drowe,1
alosed,1
lettrure,1
knyt,1
vnsoundyly,1
couenauntes,1
euentide,1
eftersones,1
vpryse,1
teuelyng,1
blodhoundez,1
halse,1
droȝen,1
tytelet,1
get,1
faythely,1
sweyed,1
were-so-euer,1
rybbes,1
hastid,1
fellen,1
bountees,1
awen--,1
horce,1
elde,1
roghe,1
rendez,1
tayles,1
bigynnez,1
twyes,1
bestes,1
vnlace,1
þider,1
schyree,1
forferde,1
hitten,1
wodcraftez,1
schorne,1
wys,1
forȝate,1
chargeaunt,1
launces,1
maysterez,1
coynt,1
howndez,1
hetes,1
bidden,1
schauen,1
pecez,1
boweles,1
brennez,1
fuyt,1
bette,1
bores,1
swengen,1
dulful,1
stange,1
haluez,1
halchez,1
hardened,1
rocherez,1
hiȝtly,1
loghe,1
burdes,1
flette,1
beddez,1
wenged,1
venysoun,1
salue,1
hastlettez,1
cheldez,1
brawen,1
walour,1
glauer,1
britnez,1
rewardez,1
fourty,1
blent,1
glede,1
flete,1
nyȝe,1
fute,1
membre,1
glyfte,1
glydande,1
glode,1
schende,1
schranke,1
lytel,1
yrne,1
wythhaldez,1
repreued,1
prowde,1
hylle,1
fles,1
harmez,1
cowardise,1
fyked,1
myntest,1
kauelacion,1
arthor,1
arȝez,1
wherfore,1
wroþely,1
myntez,1
rynez,1
atled,1
marre,1
dare,1
vs,1
orpedly,1
broþe,1
noþyng,1
welcom,1
tymed,1
trauayl,1
truee,1
toke,1
falled,1
renkes,1
rydde,1
dutte,1
rele,1
wap,1
gost,1
lante,1
gruch,1
grwe,1
grem,1
styȝtel,1
wernyng,1
nowhare,1
withhelde,1
stubbe,1
relece,1
raþeled,1
sworde,1
spekez--,1
blyþe--,1
blynne,1
stryf,1
rechez,1
aȝayn--and,1
tryst--,1
fallez--,1
schop,1
fermed,1
hallez--,1
hoo,1
rested,1
dredles,1
deruely,1
armed,1
aȝlez,1
rynkande,1
gryndel,1
vnmanerly,1
mysboden,1
couenaunde,1
spenne-fote,1
sprit,1
blenk,1
nowe,1
roché,1
holle,1
bihous,1
kanel,1
gryndelly,1
wy,1
þresch,1
þretez,1
felly,1
þin,1
stryþe,1
seuered,1
frounsez,1
lyppe,1
myslyke,1
hoped,1
rescowe,1
lome,1
barbe,1
bitte,1
homered,1
snyrt,1
wade,1
watter,1
stone,1
leggez,1
chaunged,1
berȝ,1
brymme,1
forȝ,1
flode,1
ferked,1
blubred,1
boyled,1
kachez,1
caple,1
liȝtez,1
tachez,1
rayne,1
braunche,1
berȝe,1
debatande,1
gresse,1
glodes,1
holȝ,1
inwith,1
nobot,1
caue,1
creuisse,1
wythhylde,1
skayned,1
scowtes,1
wendez,1
spellez,1
þyseluen,1
lese,1
ȝon,1
rokke,1
boþem,1
brem,1
slade,1
kepez,1
felaȝschip,1
grone,1
skwez,1
tone,1
gyrdez,1
schowuez,1
schaȝe,1
wayted,1
resette,1
nowhere,1
ruȝe,1
knokled,1
knorned,1
chapelle,1
mydnyȝt,1
matynnes,1
abouen,1
rawþe,1
godde,1
rote,1
"""we",1
"loo""--",1
helppez,1
forgoo,1
dotz,1
goande,1
abyde,1
rapely,1
mulne,1
quettyng,1
awharf,1
whyrlande,1
wro,1
denez,1
bytte,1
fyled,1
fylor,1
large--,1
bryȝt--,1
ronge,1
whette,1
wowayn,1
romez,1
wysty,1
oritore,1
wruxled,1
deuocioun,1
deuelez,1
strye,1
meschaunce,1
chekke,1
corsedest,1
kyrk,1
roffe,1
wharred,1
roȝ,1
þene,1
hil,1
roche,1
biȝonde,1
broke,1
clyff,1
cleue,1
gryndelston,1
grounden,1
kort,1
ryȝtes,1
staue,1
herbered,1
dyȝe,1
glopnyng,1
gostlych,1
speked,1
half-suster,1
duches,1
doȝter,1
tyntagelle,1
vter,1
wol,1
faythe,1
trauþe,1
nikked,1
naye,1
wayes,1
acolen,1
kyssen,1
kennen,1
paradise,1
parten,1
coolde,1
knygez,1
whiderwarde-so-euer,1
gart,1
gaynour,1
reue,1
maystrés,1
leþe,1
displeses,1
worschyp--þe,1
vphaldez,1
sittez--,1
bertilak,1
hautdesert,1
faye,1
koyntyse,1
clergye,1
merlyn,1
surquidré,1
taken--,1
drwry,1
sumtyme,1
conable,1
klerk,1
knowes,1
goddes,1
hawtesse,1
tame--,1
assay,1
wayez,1
house,1
iif,1
aventure,1
comfortez,1
laȝen,1
acorden,1
lordes,1
ladis,1
broþerhede,1
boke,1
romaunce,1
arthurus,1
bitidde,1
bokez,1
beres,1
wyttenesse,1
syphen,1
asaute,1
aunterez,1
here-biforne,1
þorne,1
amen,1
hony,1
soyt,1
qui,1
mal,1
hyden,1
couardise,1
losse,1
alce,1
venquyst,1
remene,1
blykkande,1
arme,1
tokenyng,1
tane,1
tech,1
faute,1
sounde,1
commen,1
syker,1
laþe,1
haylce,1
telles,1
biknowez,1
nirt,1
vnleuté,1
leudes,1
hondes,1
groned,1
gref,1
grame,1
pryk,1
teches,1
entyse,1
tender,1
perle,1
quite,1
pese,1
wonted,1
wylyde,1
werke,1
lufed,1
study,1
agreued,1
gryed,1
schome,1
talked,1
corsed,1
cowarddyse,1
vyse,1
vertue,1
disstryez,1
lawsez,1
broþely,1
falssyng,1
knokke,1
cowardyse,1
taȝt,1
fautlest,1
weued,1
wouen,1
trystyly,1
deliuer,1
boffet,1
paraunter,1
wroþeloker,1
waret,1
anger,1
mansed,1
mynt,1
roue,1
rof-sore,1
gayne,1
werez,1
kyssedes,1
wyf--þe,1
cossez,1
raȝtez,1
myntes,1
þar,1
waþe,1
þrid,1
þerfor,1
tappe,1
larges,1
longez,1
falce,1
þes,1
madde,1
adam,1
bygyled,1
samson,1
eftsonez--,1
dalyda,1
wyrde--and,1
dauyth,1
blended,1
barsabe,1
forne,1
comaundez,1
freest,1
exellently,1
heuenryche,1
mused,1
biwyled,1
guod,1
pendaundes,1
surfet,1
remorde,1
fayntyse,1
koyntly,1
menskes,1
trecherye,1
forfeted,1
biknowe,1
letez,1
ouertake,1
thenn,1
hardily,1
confessed,1
beknowen,1
mysses,1
polysed,1
hadez,1
gurdel,1
ȝarkkez,1
golde-hemmed,1
goune,1
maye,1
þryngez,1
cheualrous,1
schyn,1
laþed,1
enmy,1
soiorned,1
ȝare,1
seruauntez,1
stiȝtel,1
bade,1
bayþe,1
ladé,1
honours,1
lufsum,1
starande,1
stondande,1
blusschande,1
bemez,1
renayed,1
none,1
bysily,1
wernes,1
swyfte,1
sese,1
forsoke,1
renay,1
gaynes,1
leke,1
kyrtel,1
sylke,1
arounde,1
fyngrez,1
vnworþi,1
lettez,1
mislykez,1
þingez,1
malez,1
louyes,1
lemman,1
festned,1
lausen,1
lyst--and,1
lufez,1
jon,1
smeþely,1
smyle,1
þinkkez,1
mourne,1
sykande,1
erdez,1
sweȝe,1
seueres,1
says,1
departyng,1
lassen,1
þing,1
deserued,1
dawed,1
gawaynez,1
erande,1
bisinesse,1
graunte,1
spye,1
biholde,1
hid,1
cheuely,1
preuély,1
aproched,1
prest,1
prayed,1
lern,1
sawle,1
saued,1
seye,1
schrof,1
schyrly,1
mysdedez,1
besechez,1
absolucioun,1
asoyled,1
surely,1
domezday,1
mace,1
kynnes,1
ledande,1
gomnes,1
forfaren,1
lays,1
araye,1
riches,1
iugged,1
bicause,1
sembelaunt,1
hot,1
hitself,1
who-so,1
gorde,1
while,1
hemely,1
tohewe,1
juel,1
vnslayn,1
gon,1
sleȝt,1
þulged,1
swyþe--,1
gafe,1
wylle--,1
disceuer,1
twayne,1
noȝte,1
þrynne,1
toȝt,1
wounded,1
nexte,1
disserue,1
sprange,1
list,1
lyþen,1
menged,1
clamberande,1
clyffes,1
hepes,1
halawed,1
ȝayned,1
ȝarande,1
þreted,1
þef,1
titleres,1
reniarde,1
wylé,1
lagmon,1
mountes,1
myd-ouer-vnder,1
holsumly,1
purpose,1
payre,1
hwef,1
haȝer,1
trased,1
on-stray,1
blenched,1
graye,1
wreȝande,1
traylez,1
traueres,1
traunt,1
kenet,1
kyres,1
felaȝes,1
fnasted,1
þike,1
fyskez,1
seghe,1
weterly,1
þrich,1
trantes,1
tornayeez,1
hauilounez,1
herkenez,1
heggez,1
stelez,1
strothe,1
rande,1
wylez,1
tryster,1
tressour,1
clusteres,1
þryuen,1
refuse,1
blis,1
bonchef,1
perile,1
nif,1
maré,1
pris,1
depresed,1
nurned,1
þred,1
bihoued,1
cared,1
smolt,1
craþayn,1
meschef,1
traytor,1
telde,1
aȝt,1
schylde,1
befalle,1
luf-laȝyng,1
lyt,1
specialté,1
smeten,1
smylyng,1
þrowen,1
wyttes,1
bihinde,1
wayuez,1
wyndow,1
morning,1
drowping,1
droupyng,1
dreme,1
draueled,1
þoȝtes,1
keuered,1
swenges,1
smoþe,1
sweuenes,1
swarez,1
fetly,1
welcumez,1
worþily,1
atyred,1
fautles,1
wiȝt,1
wallande,1
warmed,1
sprent,1
schrewe,1
knape,1
resayue,1
soiourned,1
prik,1
wytez,1
swerez,1
maynteines,1
ioy,1
charyté,1
cherysen,1
rech,1
stirop,1
gordez,1
startez,1
praunce,1
kastel,1
kenne,1
vnbarred,1
born,1
open,1
bredez,1
passed--,1
prayses,1
saue--,1
tourne,1
ryue,1
knyffe,1
dabate,1
belted,1
pece,1
gayest,1
wlonkest,1
hymseluen--,1
conysaunce,1
ennurned,1
veluet,1
vertuus,1
pelures--,1
forgat,1
balȝe,1
byhoued,1
haunchez,1
sweþled,1
swetely,1
ryol,1
wered,1
pendauntez,1
polyst,1
glyterande,1
endez,1
sauen,1
ruful,1
boȝen,1
howndes,1
clomben,1
cheuez,1
passes,1
dyngez,1
deþe,1
methles,1
chorle,1
chaplayn,1
monk,1
masseprest,1
kylled,1
trwely,1
lyues,1
wonyd,1
ȝore,1
hete,1
halȝez,1
halydam,1
oþez,1
gruchyng,1
kowarde,1
hafe,1
þaȝe,1
sturn,1
hestor,1
bigger,1
myddelerde,1
schaterande,1
clyffez,1
vphalt,1
mist,1
muged,1
mor,1
malt,1
mountez,1
myst-hakel,1
brokez,1
byled,1
schorez,1
stiffe,1
schowued,1
snaw,1
nar,1
spied,1
spuryed,1
specially,1
louy,1
prece,1
perelous,1
waste,1
fresch,1
roust,1
rokked,1
piked,1
bleaunt,1
bradde,1
surkot,1
forred,1
flore,1
goudly,1
spedly,1
spoken,1
spared,1
acoles,1
þryes,1
chepe,1
charg,1
hunted,1
felle--þe,1
godez--,1
pore,1
þinges,1
inoȝ,1
tolde,1
mynstralsye,1
moȝten--,1
laȝyng,1
þer-byside,1
store,1
nieȝ,1
bayen,1
renaud,1
richchande,1
abides,1
castez,1
arered,1
woried,1
wyly,1
rased,1
mouþes,1
halowez,1
braþ,1
tyruen,1
hyȝed,1
rechatande,1
aryȝt,1
compeyny,1
blowed,1
renaude,1
saule,1
fawne,1
frote,1
reynarde,1
godemon,1
boþe--,1
moste,1
liddez,1
wederez,1
foure,1
snitered,1
snart,1
snayped,1
werbelande,1
dryftes,1
lystened,1
leȝ,1
lowkez,1
kok,1
dryuez,1
crue,1
deliuerly,1
laumpe,1
cofly,1
ferkez,1
fechez,1
grayþez,1
grett,1
paunce,1
platez,1
biddez,1
neȝez,1
behoued,1
drechch,1
fochchez,1
soiorne,1
ȝef,1
yowreself,1
wyrdes,1
redé,1
asyngnes,1
sett,1
coundue,1
downez,1
gaynest,1
muche,1
weue,1
tille,1
þryuande,1
ȝelden,1
sykyngez,1
departes,1
þonke,1
busynes,1
rest,1
soundyly,1
lymmes,1
hwes,1
rytte,1
kay,1
slokes,1
cnokez,1
strokes,1
dresses,1
lut,1
discouerez,1
nec,1
gripped,1
gederes,1
fot,1
dint,1
before,1
bones,1
schyire,1
schade,1
halce,1
foyned,1
roled,1
brayd,1
blykked,1
fyrre--,1
smartly,1
smyten,1
smoþely,1
bigog,1
fange,1
fust,1
redily,1
rehersed,1
clanly,1
kynge,1
asked,1
þiself,1
where-so,1
hopes,1
funde,1
foch,1
wages,1
deles,1
douþe,1
wonyes,1
traweþ,1
tape,1
faltered,1
styþly,1
styf,1
rout,1
tornez,1
halled,1
hal,1
flynt,1
houes,1
wyste,1
from,1
queþen,1
grenne,1
menne,1
demay,1
bycommes,1
cristmasse,1
laykyng,1
enterludez,1
syng,1
dres,1
heng,1
don,1
raynez,1
runisch,1
schonkes,1
recreaunt,1
runyschly,1
cachchez,1
stelbawe,1
ayled,1
hedlez,1
stedde,1
bulk,1
bledde,1
moni,1
resounz,1
redde,1
toward,1
hettez,1
layte,1
hette,1
herande,1
fotte,1
dunt,1
dalt--disserued,1
dryue,1
þryue,1
henge,1
grypez,1
wex,1
foly,1
gast,1
geserne,1
boden,1
habbes,1
feersly,1
lyȝtis,1
axe,1
sturnely,1
onswarez,1
sturez,1
herre,1
ani,1
stroked,1
mate,1
dismayd,1
dintez,1
sate,1
enclyne,1
scham,1
laȝes,1
dares,1
ouerwalt,1
þanne,1
heredmen,1
rouncé,1
ruched,1
runischly,1
bresed,1
broȝez,1
blycande,1
wayte,1
quo-so,1
coȝed,1
rimed,1
richly,1
arthures,1
rous,1
ryalmes,1
sourquydrye,1
conquestes,1
gryndellayk,1
saȝez,1
worþilych,1
bid,1
bout,1
redden,1
ryd,1
vpros,1
ruchched,1
blessyng,1
biddes,1
hardi,1
cosyn,1
kyrf,1
redez,1
redly,1
byden,1
baldly,1
bayst,1
refourme,1
forwardes,1
tryst,1
goode,1
bifallez,1
roun,1
falles,1
benche,1
bodé,1
wythoute,1
vylanye,1
voyde,1
legge,1
soþ,1
heuened,1
ȝourself,1
talenttyf,1
sytten,1
haȝerer,1
bodyes,1
rered,1
wakkest,1
feblest,1
laytes,1
soþe--,1
em,1
only,1
bounté,1
doser,1
tytel,1
knitten,1
knaged,1
dublet,1
crafty,1
sabatounz,1
fotez,1
legez,1
polaynez,1
piched,1
policed,1
knez,1
knotez,1
errik,1
quyssewes,1
coyntlych,1
thik,1
þyȝez,1
þwonges,1
bryné,1
vmbeweued,1
stuffe,1
bornyst,1
hondelez,1
þeron,1
þeralofte,1
gyld,1
sauage,1
clarence,1
launcelot,1
lyonel,1
lucan,1
boos,1
byduer,1
big,1
mador,1
port,1
doel,1
driuen,1
worthé,1
delful,1
mad,1
destinés,1
tulé,1
tapit,1
miche,1
brace,1
cowters,1
glouez,1
glytered,1
hentes,1
hastily,1
stapled,1
stoffed,1
vrysoun,1
auentayle,1
enbrawden,1
gemmez,1
sylkyn,1
papiayez,1
paynted,1
peruyng,1
tortors,1
trulofez,1
entayled,1
toune,1
cercle,1
o,1
vmbeclypped,1
glem,1
naylez,1
godlych,1
arsounez,1
cote-armure,1
gold,1
sporez,1
spend,1
sure,1
lachet,1
harnayst,1
herknez,1
offred,1
auter,1
cort-ferez,1
conueyed,1
grayth,1
glemed,1
frenges,1
naylet,1
apparayl,1
cropore,1
couertor,1
doddinaual,1
aywan,1
dayntyez,1
bylde,1
þrepez,1
vplyften,1
rayn,1
schowrez,1
flat,1
flowrez,1
schewen,1
groundez,1
busken,1
bremlych,1
barely,1
syngen,1
sues,1
blossumez,1
bolne,1
blowe,1
rawez,1
ronk,1
notez,1
soft,1
weder,1
fode,1
fysche,1
flesch,1
mynstralcie,1
frayn,1
this,1
hanselle,1
ȝerned,1
ȝelpyng,1
thaȝ,1
wane,1
werk,1
stafful,1
begynne,1
heuy,1
ȝernes,1
fynisment,1
selden,1
ouerȝede,1
serlepes,1
crystenmasse,1
lentoun,1
zeferus,1
syflez,1
sedez,1
rypez,1
ȝisterdayez,1
fage,1
meȝelmas,1
cumen,1
wage,1
anious,1
uyage,1
al-hal-day,1
longynge,1
later,1
ioylez,1
ientyle,1
aftter,1
eme,1
passage,1
lege,1
cost,1
tenez,1
trifel,1
ȝirnez,1
ere,1
wort,1
grayes,1
waxes,1
donkande,1
dewe,1
dropez,1
blysful,1
blusch,1
heruest,1
hardenes,1
warnez,1
wax,1
rype,1
dryues,1
droȝt,1
dust,1
flyȝe,1
wroþe,1
wrastelez,1
lancen,1
lyȝten,1
stiller,1
stowned,1
herinne,1
childgered,1
tapites,1
gemmes,1
preued,1
penyes,1
bye,1
discrye,1
semloker,1
joly,1
joyfnes,1
liked,1
hyȝest,1
bisied,1
nobelay,1
nomen,1
deuised,1
alderes,1
joyne,1
iustyng,1
fortune,1
fulsun,1
tolouse,1
selure,1
bisides,1
sendal,1
doubble,1
douth,1
chauntré,1
crye,1
clerkez,1
nowel,1
nayted,1
onewe,1
hondeselle,1
ȝeȝed,1
ȝeres-ȝiftes,1
debated,1
busyly,1
giftes,1
þoȝ,1
wrothe,1
waschen,1
guenore,1
myddes,1
farand,1
stalle,1
mirthe,1
þerbi,1
pipes,1
werbles,1
towches,1
foysoun,1
fresche,1
biforne,1
sylueren,1
clothe,1
hymselue,1
laght,1
twelue,1
wit,1
biliue,1
liflode,1
vneþe,1
cource,1
kyndely,1
hales,1
aghlich,1
nakryn,1
baner,1
mas,1
trumpes,1
stale,1
hisseluen,1
talkkande,1
trifles,1
gwenore,1
agrauayn,1
dure,1
sittes,1
sistersunes,1
bischop,1
bawdewyn,1
biginez,1
ywan,1
vryn,1
son,1
ette,1
derworþly,1
sidbordez,1
crakkyng,1
neuen,1
hapnest,1
tite,1
langaberde,1
bobbaunce,1
burȝe,1
biges,1
neuenes,1
aune,1
tirius,1
tuskan,1
teldes,1
bigynnes,1
lumbardie,1
sille,1
homes,1
french,1
flod,1
felix,1
bonkkes,1
wrake,1
blunder,1
skete,1
skyfted,1
ricchis,1
rome,1
romulus,1
west,1
sege,1
assaut,1
borȝ,1
brittened,1
brondeȝ,1
trammes,1
tresoun,1
tried,1
tricherie,1
trewest,1
erthe,1
ennias,1
athel,1
highe,1
depreced,1
prouinces,1
patrounes,1
bicome,1
welneȝe,1
bigged,1
bredden,1
lofden,1
merþes,1
tulkes,1
justed,1
jolilé,1
kayred,1
ilyche,1
fiften,1
dayes,1
avyse,1
glaum,1
daunsyng,1
nyȝtes,1
hap,1
hallez,1
chambrez,1
all,1
krystes,1
louelokkest,1
haldes,1
age,1
tournayed,1
rechles,1
wroȝten,1
oryȝt,1
ferlyes,1
bult,1
bretaygne,1
hendest,1
attle,1
schawe,1
siȝt,1
outtrage,1
awenture,1
arthurez,1
wonderez,1
lysten,1
laye,1
as-tit,1
tonge,1
stori,1
letteres,1
camylot,1
breþer,1
mesure,1
lyndes,1
lymes,1
glowande,1
raysoun,1
stemmed,1
studie,1
ther,1
lokyng,1
mene,1
growe,1
grener,1
aumayl,1
bryȝter,1
etayn,1
studied,1
sellyez,1
fantoum,1
fayryȝe,1
answare,1
stouned,1
stonstil,1
swoghe,1
sylence,1
gyng,1
gouernour,1
wher,1
word,1
large,1
grayn,1
burnyst,1
brod,1
rasores,1
staf,1
grypte,1
wounden,1
yrn,1
wandez,1
bigrauen,1
gracios,1
werkes,1
tasselez,1
tacched,1
botounz,1
heldez,1
entres,1
driuande,1
slaked,1
hyȝe--,1
cortaysye--,1
softer,1
tellen,1
onsware,1
batayl,1
berdlez,1
chylder,1
mach,1
myȝtez,1
wayke,1
crystemas,1
holdez,1
gyft,1
heué,1
hondele,1
lepe,1
quit-clayme,1
auen,1
dom,1
barlay,1
respite,1
bold,1
weppenes,1
loute,1
schinande,1
vnto,1
arþour,1
byholdez,1
reuerenced,1
iwys,1
ostel,1
praye,1
syttes,1
stifest,1
stel-gere,1
stedes,1
worþyest,1
worldes,1
preue,1
iwyis,1
braunch,1
pes,1
feȝtyng,1
hauberghe,1
elnȝerde,1
lenkþe,1
quoso,1
spenet,1
spures,1
scholes,1
schankes,1
rides,1
vesture,1
uerayly,1
verdure,1
barres,1
richely,1
aray,1
aboutte,1
tor,1
tryfles,1
bryddes,1
flyȝes,1
gaudi,1
inmyddes,1
pendauntes,1
cropure,1
sparlyr,1
hose,1
metail,1
wel-haled,1
algate,1
mynn,1
muckel,1
both,1
wombe,1
wast,1
worthily,1
smale,1
fade,1
strayte,1
streȝt,1
stek,1
sides,1
mantile,1
mensked,1
pelure,1
pane,1
hod,1
heme,1
molaynes,1
anamayld,1
sparþe,1
fildore,1
toppyng,1
twynnen,1
bande,1
dok,1
lasted,1
þwong,1
þwarle,1
bellez,1
brende,1
dynttez,1
hawbergh,1
pysan,1
pented,1
schafte,1
schwue,1
holyn,1
bobbe,1
vnmete,1
spetos,1
herle,1
knottes,1
steropes,1
cemmed,1
stayned,1
arsounz,1
skyrtes,1
glemered,1
ferkkes,1
sertayn,1
strayne,1
quik--,1
fannand,1
fax,1
vmbefoldes,1
berd,1
hiȝlich,1
reches,1
euesed,1
vmbetorne,1
elbowes,1
mane,1
cresped,1
diamauntez,1
deuys,1
schyr,1
to-morn,1
bidde,1
hes,1
borȝe,1
trauayled,1
towen,1
ferre,1
waked,1
waryst,1
sostnaunce,1
messequyle,1
stabled,1
huntyng,1
gauayn,1
grantez,1
firre,1
quat-so-euer,1
þerforne,1
swap,1
queþer,1
lymp,1
criande,1
carped,1
wyte,1
seme,1
wontez,1
gladloker,1
sun,1
naf,1
busy,1
feye,1
fayly,1
myyn,1
byhoues,1
chapayle,1
cum,1
merk,1
new,1
raykez,1
henne,1
gomenly,1
þynge,1
dowelle,1
fette,1
layke,1
þynkes,1
bryngez,1
bent-felde,1
weren,1
cacheres,1
cowpled,1
vnclosed,1
kenel,1
bygly,1
buglez,1
chastysed,1
chasyng,1
trystors,1
vewters,1
ȝod,1
couples,1
blastez,1
quethe,1
quaked,1
der,1
restayed,1
stablye,1
horsses,1
hastyly,1
bargayn,1
sop,1
daylyeden,1
vntyȝtel,1
frenkysch,1
stemed,1
stylly,1
kysten,1
kaȝten,1
lemande,1
recorded,1
tyffen,1
takles,1
trussen,1
males,1
richen,1
rychest,1
arayde,1
lepen,1
brydeles,1
rydyng,1
statut,1
quere,1
displayed,1
merthe,1
kallen,1
aquoyntaunce,1
leden,1
asken,1
spycez,1
vnsparely,1
speded,1
wynnelych,1
mynned,1
crystenmas,1
require,1
whyle--,1
fylter,1
makez,1
glade,1
lord,1
comaundet,1
mynez,1
destyné,1
deȝe,1
knyȝtly,1
loueloker,1
haylses,1
aȝaynes,1
gorger,1
chymbled,1
chyn,1
chalkquyte,1
vayles,1
frount,1
enfoubled,1
toreted,1
treleted,1
tryflez,1
broȝes,1
tweyne,1
nase,1
soure,1
blered,1
schort,1
buttokez,1
lykkerwys,1
graciously,1
waxez,1
mes,1
messes,1
dreȝly,1
draȝez,1
worschip,1
enbelyse,1
bele,1
yowrez,1
awen--þe,1
youre,1
answarez,1
himseluen,1
kourt,1
halidayez,1
halet,1
hasty,1
sumned,1
myselfe,1
whederwarde,1
negh,1
inwyth,1
enquest,1
late,1
daunsed,1
quaynt,1
woke,1
drest,1
heȝest,1
grome,1
degré,1
poynte,1
caȝten,1
derne,1
passande,1
vayres,1
trumpez,1
nakerys,1
pypyng,1
repayres,1
þayres,1
þryd,1
þronge,1
jonez,1
þoȝten,1
gestes,1
ascryed,1
herttez,1
hedes,1
bewté,1
answared,1
madame,1
fraunchis,1
nobele,1
fongen,1
delen,1
disert,1
alyue,1
chepen,1
debonerté,1
bukkez,1
herkkened,1
trwee,1
waled,1
souerayn,1
muchquat,1
paste,1
mych,1
defence,1
feted,1
skere,1
speches,1
þurȝe,1
desyres,1
drawen,1
dit,1
haspe,1
lastez,1
behouez,1
force,1
schale,1
reherce,1
vnworþy,1
seruyce,1
plesaunce,1
prys--hit,1
plesez,1
habbe,1
daly,1
colen,1
carez,1
hauen,1
louue,1
fayre--,1
bryȝtest,1
hone,1
dyngne,1
holtez,1
heþe,1
hyndez,1
barayne,1
sowme,1
slowe,1
flokked,1
quykly,1
quelled,1
querré,1
didden,1
vndo,1
serched,1
fyngeres,1
fowlest,1
slyt,1
erber,1
schaued,1
knyf,1
gamnez,1
rysed,1
dunte,1
clepes,1
deue,1
spek,1
stonyed,1
stor,1
spech,1
disport,1
querfore,1
freschly,1
castes,1
skyl,1
couth,1
cosse,1
courtaysye,1
towch,1
tryfle,1
plede,1
comes,1
bykennen,1
ryches,1
faren,1
hendelayk,1
worchipez,1
schotten,1
resayt,1
taysed,1
wattrez,1
trysteres,1
grehoundez,1
tofylched,1
þer-ryȝt,1
abloy,1
joy,1
lynde-wodez,1
euez,1
lygez,1
lurkkez,1
wowes,1
couertour,1
cortyned,1
slomeryng,1
slode,1
sleȝly,1
toraced,1
atwaped,1
corner,1
brusten,1
paumez,1
fermysoun,1
male,1
hindez,1
does,1
sladez,1
slypte,1
slentyng,1
arwes--,1
wande,1
flone--,1
brayen,1
bleden,1
deȝen,1
rachches,1
folȝes,1
crakkande,1
kry,1
klyffes,1
cloþes,1
þiderwarde,1
happe,1
cheke,1
lete,1
sleper,1
vnslyȝe,1
slyde,1
as-tyt,1
true,1
bynde,1
trayst,1
bourdez,1
wille,1
ȝeȝe,1
byhouez,1
bourded,1
louely,1
grante,1
deprece,1
prysoun,1
beau,1
rise,1
quit,1
chynne,1
loflyest,1
worthe,1
towarde,1
schamed,1
lystyly,1
slepte,1
stepped,1
creped,1
bed-syde,1
wakened,1
lurked,1
compast,1
concience,1
amount--to,1
aspye,1
wakenede,1
warde,1
torned,1
vnlouked,1
wondered,1
sauer,1
schyrer,1
perlez,1
goulez,1
duȝty,1
werrez,1
wolues,1
wodwos,1
bullez,1
berez,1
borez,1
oþerquyle,1
etaynez,1
anelede,1
douteles,1
dounez,1
dreped,1
nas,1
wors,1
schadde,1
fres,1
fale,1
ner,1
slete,1
sleped,1
wormez,1
dole,1
tenþe,1
tore,1
anglesay,1
fordez,1
forlondez,1
holy,1
wyldrenesse,1
wyrale,1
nykked,1
tok,1
gates,1
vnbene,1
klyf,1
ouerclambe,1
contrayez,1
floten,1
fremedly,1
warþe,1
feȝt,1
byhode,1
mount,1
yrnes,1
rokkez,1
claterande,1
myre,1
myldest,1
matynez,1
mekely,1
pater,1
aue,1
mysdede,1
syþes,1
cros,1
þrye,1
bole,1
diches,1
pyched,1
park,1
pyked,1
palays,1
vmbeteȝe,1
tre,1
auysed,1
schemered,1
sykyng,1
misy,1
crest,1
piped,1
hard,1
iisse-ikkles,1
peryl,1
plytes,1
contray,1
tyl,1
mounte,1
meryly,1
dep,1
holtwodez,1
hore,1
hasel,1
haȝþorne,1
harled,1
raged,1
mosse,1
vnblyþe,1
twyges,1
pitosly,1
walez,1
frythez,1
kerchofes,1
joyez,1
fyngres,1
afyaunce,1
woundez,1
cryst,1
croys,1
quere-so-euer,1
þyngez,1
forsnes,1
feng,1
heuen-quene,1
lengez,1
chylde,1
cause,1
comlyche,1
inore,1
ymage,1
depaynted,1
belde,1
fyft,1
finde,1
fautlez,1
funden,1
gentylest,1
ennourned,1
depaynt,1
kestes,1
semlyly,1
quy,1
apendez,1
tent,1
þof,1
hyt,1
sumquyle,1
bytoknyng,1
tytle,1
figure,1
vmbelappez,1
loukez,1
endelez,1
englych,1
callen,1
endeles,1
vertuez,1
frek,1
fraunchyse,1
felaȝschyp,1
sprong,1
syked,1
segges,1
warloker,1
leder,1
hadet,1
aluisch,1
angardez,1
counsel,1
cauelaciounz,1
crystmasse,1
waltered,1
þad,1
abode,1
wyȝtly,1
wylsum,1
bok,1
ryalme,1
leudlez,1
alone,1
ston-fyr,1
spurez,1
forbe,1
sperred,1
clannes,1
croked,1
pité,1
harder,1
fetled,1
fyched,1
fayld,1
samned,1
sundred,1
nouþer,1
noke,1
oquere,1
whereeuer,1
bygan,1
glod,1
ryally,1
gowlez,1
pentaungel,1
lore,1
þonkez,1
jesus,1
gilyan,1
amende,1
fischez,1
baken,1
brad,1
gledez,1
soþen,1
sewe,1
sauered,1
spyces,1
sawes,1
spyed,1
cry,1
spured,1
spare,1
preué,1
beknew,1
ryal,1
case,1
lymped,1
apere,1
presense,1
kyn,1
double-felde,1
sesounde,1
wesche,1
pere,1
foȝt,1
cheyer,1
charcole,1
whyssynes,1
queldepoyntes,1
koynt,1
bleeaunt,1
ermyn,1
settel,1
achaufed,1
mended,1
tabil,1
trestez,1
quyt,1
sanap,1
salure,1
syluerin,1
sponez,1
þewes,1
apendes,1
persoun,1
coyntly,1
gos,1
laches,1
lappe,1
sytte,1
couþly,1
welcomest,1
þroly,1
compas,1
wener,1
wenore,1
chaunsel,1
cheryche,1
honowred,1
vnlyke,1
ȝolȝe,1
rugh,1
ronkled,1
chekez,1
rolled,1
entrez,1
cumly,1
sleȝtez,1
loutes,1
þewez,1
teccheles,1
termes,1
wich,1
vnspurd,1
fonged,1
fader,1
grauntez,1
burþe,1
synge,1
menyng,1
manerez,1
luf-talkyng,1
niyȝt,1
chaplaynez,1
chapeles,1
rychely,1
hersum,1
euensong,1
wheþen,1
comloker,1
lymmez,1
coruon,1
craftyly,1
chalkwhyt,1
chymnees,1
bastel,1
rouez,1
blenked,1
pynakle,1
payntet,1
poudred,1
carnelez,1
clambred,1
pared,1
papure,1
cloyster,1
halyday,1
lested,1
auinant,1
plesaunt,1
wal,1
coprounes,1
fyȝed,1
erraunt,1
fylyolez,1
herkened,1
coþe,1
ȝette,1
gerdez,1
chauncely,1
haste,1
vpbrayde,1
wallez,1
blaste,1
heȝt,1
enbaned,1
abataylment,1
garytez,1
gaye,1
barbican,1
innermore,1
behelde,1
towres,1
trochet,1
ernd,1
peter,1
welneȝ,1
lortschyp,1
delyuer,1
beddyng,1
hemmez,1
couertorez,1
curious,1
panez,1
aboue,1
rudelez,1
rennande,1
ropez,1
tapitez,1
tuly,1
dispoyled,1
myerþe,1
robes,1
broȝten,1
saylande,1
ver,1
uisage,1
cumaundez,1
schonkez,1
trowee,1
stryþþe,1
folke,1
draȝt,1
knes,1
ȝate,1
ȝarked,1
wyde,1
quel,1
stabeled,1
swyerez,1
buurne,1
seruen,1
blasoun,1
proud,1
presed,1
flor,1
graunt,1
nonez,1
eldee,1
beuer-hwed,1
pence,1
